Hole_Depth,Rotary_RPM,Differential_Pressure,Total_Pump_Output,Weight_on_Bit,Rotary_Torque,Standpipe_Pressure,Flow,Rate_Of_Penetration
203.02,0,0.1,126,41404.4224,101.891,123,28,0
203.02,0,4.5,126,41351.3675,101.891,128,28,0
203.02,0,11.9,126,41245.2576,101.891,135,28,0
203.02,0,17.4,126,41192.2027,101.891,141,28,0
203.02,0,35.5,126,41404.4224,101.891,159,28,0
203.02,0,53.7,129,41828.4122,101.891,177,31,0
203.02,0,29.4,126,41563.3623,99.77,153,31,0
203.02,0,27.1,126,41563.3623,101.891,150,31,0
203.02,0,27.5,126,41563.3623,101.891,151,31,0
203.02,0,28.2,126,41510.3074,101.891,151,31,0
203.02,0,28.9,126,41510.3074,99.77,152,31,0
203.02,0,29.1,126,41510.3074,99.77,152,31,0
203.02,0,29.5,126,41510.3074,99.77,153,31,0
203.02,0,33.6,126,41510.3074,101.891,157,31,0
203.02,0,33.4,126,41510.3074,101.891,157,31,0
203.02,0,30.9,126,41510.3074,99.77,154,31,0
203.02,0,32.2,126,41510.3074,101.891,155,31,0
203.02,0,95.6,126,41563.3623,101.891,219,31,0
203.02,0,196.2,126,41563.3623,101.891,320,31,0
203.02,0,192.9,129,41510.3074,101.891,316,31,0
203.02,0,137.7,126,41510.3074,101.891,261,31,0
203.02,0,123,126,41510.3074,101.891,246,31,0
203.02,0,136.5,151,41563.3623,101.891,260,31,0
203.02,0,311.9,226,41563.3623,101.891,435,31,0
203.02,0,370.9,239,41510.3074,101.891,494,34,0
203.02,0,430.4,258,41563.3623,101.891,554,38,0
203.02,0,430.9,258,41510.3074,101.891,554,39,0
203.02,0,427.4,258,41510.3074,101.891,551,39,0
203.02,0,110.8,129,41510.3074,101.891,234,39,0
203.02,0,109.3,129,41510.3074,101.891,233,39,0
203.02,0,41.9,126,41510.3074,101.891,165,39,0
203.02,0,29.9,126,41510.3074,101.891,153,39,0
203.02,0,31.8,126,41510.3074,101.891,155,39,0
203.02,0,139.3,126,41510.3074,101.891,263,39,0
203.02,0,148.5,126,41510.3074,101.891,272,39,0
203.02,0,143.6,126,41510.3074,101.891,267,39,0
203.02,0,142.7,126,41563.3623,101.891,266,39,0
203.02,0,148,126,41616.4173,101.891,271,39,0
203.02,0,148.3,126,41510.3074,101.891,272,39,0
203.02,0,147.4,126,41616.4173,101.891,271,39,0
203.02,0,146.5,126,41616.4173,101.891,270,39,0
203.02,0,145.3,126,41563.3623,101.891,269,39,0
203.02,0,145.2,126,41669.4722,101.891,269,39,0
203.02,0,143.5,126,41563.3623,101.891,267,39,0
203.02,0,142.8,126,41669.4722,101.891,266,39,0
203.02,0,143,126,41616.4173,101.891,266,39,0
203.02,0,142.8,126,41616.4173,101.891,266,39,0
203.02,0,142.6,126,41563.3623,101.891,266,39,0
203.02,0,142.5,126,41563.3623,101.891,266,39,0
203.02,0,142.4,126,41510.3074,101.891,266,39,0
203.02,0,142.5,126,41563.3623,101.891,266,39,0
203.02,0,143,126,41510.3074,101.891,266,39,0
203.02,0,143.2,126,41563.3623,101.891,267,39,0
203.02,0,142.5,126,41563.3623,101.891,266,39,0
203.02,0,142.9,126,41669.4722,101.891,266,39,0
203.02,0,142.5,126,41616.4173,101.891,266,39,0
203.02,0,142.7,126,41616.4173,101.891,266,39,0
203.02,0,142.8,126,41563.3623,101.891,266,39,0
203.02,0,142.8,126,41510.3074,101.891,266,39,0
203.02,0,142.3,126,41510.3074,101.891,266,39,0
203.02,0,142,126,41510.3074,101.891,265,39,0
203.02,0,140.5,126,41510.3074,101.891,264,39,0
203.02,0,138.8,126,41510.3074,101.891,262,39,0
203.02,0,137.6,126,41510.3074,101.891,261,39,0
203.02,0,135.5,126,41510.3074,101.891,259,39,0
203.02,0,134.5,126,41510.3074,101.891,258,39,0
203.02,0,110.8,126,41563.3623,101.891,234,39,0
203.02,0,109.4,126,41563.3623,101.891,233,39,0
203.02,0,103.8,129,41563.3623,101.891,227,39,0
203.02,0,13.2,126,41510.3074,101.891,137,39,0
203.02,0,13.4,126,41510.3074,101.891,137,39,0
203.02,0,10.3,126,41563.3623,101.891,134,39,0
203.02,0,12.3,126,41510.3074,101.891,136,39,0
203.02,0,12.3,126,41510.3074,101.891,136,39,0
203.02,0,9.1,126,41510.3074,101.891,132,39,0
203.02,0,9.2,126,41510.3074,101.891,133,39,0
203.02,0,11,126,41563.3623,101.891,134,39,0
203.02,0,9.2,126,41616.4173,101.891,133,39,0
203.02,0,8.2,126,41616.4173,101.891,132,39,0
203.02,0,7.6,126,41616.4173,101.891,131,39,0
203.02,0,7.4,126,41669.4722,101.891,131,39,0
203.02,0,7.4,126,41616.4173,101.891,131,39,0
203.02,0,9.6,126,41510.3074,101.891,133,39,0
203.02,0,7.2,126,41563.3623,101.891,131,39,0
203.02,0,11.3,126,41563.3623,101.891,135,39,0
203.02,0,11.3,126,41563.3623,101.891,135,37,0
203.02,0,11.3,126,41510.3074,101.891,135,28,0
203.02,0,12.8,126,41510.3074,101.891,136,18,0
203.02,0,13,126,41510.3074,101.891,136,13,0
203.02,0,17.4,126,41510.3074,101.891,141,13,0
203.02,0,14.2,126,41510.3074,101.891,138,13,0
203.02,0,14.6,126,41510.3074,101.891,138,13,0
203.02,0,14.7,126,41457.2525,101.891,138,13,0
203.02,0,14.7,126,41510.3074,101.891,138,13,0
203.02,0,14.5,126,41510.3074,101.891,138,13,0
203.02,0,14.4,126,41510.3074,101.891,138,13,0
203.02,0,14.2,126,41510.3074,101.891,138,13,0
203.02,0,17.5,126,41510.3074,101.891,141,13,0
203.02,0,16.9,126,41510.3074,101.891,140,13,0
203.02,0,14.4,126,41510.3074,101.891,138,13,0
203.02,0,14.6,126,41510.3074,101.891,138,13,0
203.02,0,15,126,41510.3074,101.891,138,13,0
203.02,0,15.2,126,41510.3074,101.891,139,13,0
203.02,0,16.5,126,41510.3074,101.891,140,13,0
203.02,0,13.4,126,41510.3074,101.891,137,13,0
203.02,0,15,126,41669.4722,101.891,138,13,0
203.02,0,13.8,126,41616.4173,101.891,137,13,0
203.02,0,12.6,126,41616.4173,101.891,136,13,0
203.02,0,12.1,126,41616.4173,101.891,135,13,0
203.02,0,12.1,126,41669.4722,101.891,135,13,0
203.02,0,11.9,126,41616.4173,101.891,135,13,0
203.02,0,11.8,126,41563.3623,101.891,135,13,0
203.02,0,11.7,126,41616.4173,101.891,135,13,0
203.02,0,11.8,126,41510.3074,101.891,135,13,0
203.02,0,11.8,126,41616.4173,101.891,135,13,0
203.02,0,11.7,126,41669.4722,101.891,135,13,0
203.02,0,11.8,126,41616.4173,101.891,135,13,0
203.02,0,12.2,126,41563.3623,101.891,136,13,0
203.02,0,12.1,126,41563.3623,101.891,135,13,0
203.02,0,12,126,41563.3623,101.891,135,13,0
203.02,0,12.9,126,41563.3623,101.891,136,13,0
203.02,0,12.2,126,41510.3074,101.891,136,13,0
203.02,0,12.1,126,41563.3623,101.891,135,13,0
203.02,0,12,126,41510.3074,101.891,135,13,0
203.02,0,12.7,126,41722.5271,101.891,136,13,0
203.02,0,13.5,126,41616.4173,101.891,137,13,0
203.02,0,13.3,126,41510.3074,101.891,137,13,0
203.02,0,12.5,126,41616.4173,101.891,136,13,0
203.02,0,12.3,126,41616.4173,101.891,136,13,0
203.02,0,12.8,126,41563.3623,99.77,136,13,0
203.02,0,12.1,126,41510.3074,101.891,135,13,0
203.02,0,12.4,126,41563.3623,101.891,136,13,0
203.02,0,12,126,41563.3623,101.891,135,13,0
203.02,0,18.4,126,41563.3623,101.891,142,13,0
203.02,0,17.9,126,41563.3623,101.891,141,13,0
203.02,0,13.8,126,41510.3074,101.891,137,13,0
203.02,0,14.1,126,41510.3074,101.891,137,13,0
203.02,0,14.5,126,41510.3074,101.891,138,13,0
203.02,0,11.9,126,41563.3623,101.891,135,13,0
203.02,0,11.9,126,41510.3074,101.891,135,13,0
203.02,0,12,126,41510.3074,101.891,135,13,0
203.02,0,13.8,126,41563.3623,101.891,137,13,0
203.02,0,11.4,126,41563.3623,101.891,135,13,0
203.02,0,13.7,126,41563.3623,101.891,137,13,0
203.02,0,13,126,41510.3074,101.891,136,13,0
203.02,0,11.3,126,41510.3074,101.891,135,13,0
203.02,0,11.1,126,41563.3623,101.891,134,13,0
203.02,0,10.6,126,41563.3623,101.891,134,13,0
203.02,0,10.5,126,41563.3623,101.891,134,13,0
203.02,0,10.6,126,41563.3623,101.891,134,13,0
203.02,0,10.7,126,41510.3074,101.891,134,13,0
203.02,0,10.9,126,41563.3623,101.891,134,13,0
203.02,0,12.6,126,41563.3623,101.891,136,13,0
203.02,0,16.4,126,41563.3623,101.891,140,13,0
203.02,0,10.4,126,41510.3074,101.891,134,13,0
203.02,0,10,126,41510.3074,101.891,133,13,0
203.02,0,10.4,126,41510.3074,101.891,134,13,0
203.02,0,10,126,41510.3074,101.891,133,13,0
203.02,0,9.7,126,41510.3074,101.891,133,13,0
203.02,0,10.1,126,41510.3074,101.891,133,13,0
203.02,0,10.3,126,41510.3074,101.891,134,13,0
203.02,0,10.1,126,41510.3074,101.891,133,13,0
203.02,0,10.3,126,41510.3074,101.891,134,13,0
203.02,0,10,126,41510.3074,101.891,133,13,0
203.02,0,10,126,41510.3074,101.891,133,13,0
203.02,0,9.7,126,41510.3074,101.891,133,13,0
203.02,0,12.4,126,41510.3074,101.891,136,13,0
203.02,0,17.7,126,41510.3074,101.891,141,13,0
203.02,0,16.4,126,41510.3074,101.891,140,13,0
203.02,0,10.9,126,41510.3074,101.891,134,13,0
203.02,0,10.8,126,41510.3074,101.891,134,13,0
203.02,0,10.4,126,41510.3074,101.891,134,13,0
203.02,0,10.6,126,41510.3074,101.891,134,13,0
203.02,0,10.4,126,41510.3074,101.891,134,13,0
203.02,0,11.8,126,41510.3074,101.891,135,13,0
203.02,0,12.3,126,41510.3074,101.891,136,13,0
203.02,0,11,126,41457.2525,101.891,134,13,0
203.02,0,10.8,126,41457.2525,101.891,134,13,0
203.02,0,10.9,126,41457.2525,101.891,134,13,0
203.02,0,11.1,126,41457.2525,101.891,134,13,0
203.02,0,11.3,126,41510.3074,101.891,135,13,0
203.02,0,11.4,126,41510.3074,101.891,135,13,0
203.02,0,12,126,41457.2525,101.891,135,13,0
203.02,0,14,126,41563.3623,101.891,137,13,0
203.02,0,12.7,126,41563.3623,101.891,136,13,0
203.02,0,13,126,41510.3074,101.891,136,13,0
203.02,0,13.6,126,41563.3623,101.891,137,13,0
203.02,0,13.3,126,41510.3074,101.891,137,13,0
203.02,0,20.4,126,41510.3074,101.891,144,13,0
203.02,0,20.5,126,41510.3074,101.891,144,13,0
203.02,0,13.2,126,41510.3074,101.891,137,13,0
203.02,0,15.7,126,41510.3074,101.891,139,13,0
203.02,0,12.7,126,41510.3074,101.891,136,13,0
203.02,0,13.7,126,41510.3074,101.891,137,13,0
203.02,0,13.6,126,41510.3074,101.891,137,13,0
203.02,0,15,126,41510.3074,101.891,138,13,0
203.02,0,14.7,126,41563.3623,101.891,138,13,0
203.02,0,12.8,126,41563.3623,101.891,136,13,0
203.02,0,12.6,126,41563.3623,101.891,136,13,0
203.02,0,14.3,126,41563.3623,101.891,138,13,0
203.02,0,13.7,126,41563.3623,101.891,137,13,0
203.02,0,13.5,126,41563.3623,101.891,137,13,0
203.02,0,13.8,126,41563.3623,101.891,137,13,0
203.02,0,13.8,126,41510.3074,101.891,137,13,0
203.02,0,12.9,126,41563.3623,101.891,136,13,0
203.02,0,14.6,126,41563.3623,101.891,138,13,0
203.02,0,16,126,41510.3074,101.891,139,13,0
203.02,0,13.8,126,41563.3623,101.891,137,13,0
203.02,0,13.4,126,41563.3623,101.891,137,13,0
203.02,0,13.5,126,41510.3074,101.891,137,13,0
203.02,0,14.1,126,41563.3623,101.891,137,13,0
203.02,0,13.9,126,41563.3623,101.891,137,13,0
203.02,0,14.1,126,41563.3623,101.891,137,13,0
203.02,0,14.2,126,41563.3623,101.891,138,13,0
203.02,0,12.5,126,41510.3074,101.891,136,13,0
203.02,0,12.4,126,41563.3623,101.891,136,13,0
203.02,0,15,126,41563.3623,101.891,138,13,0
203.02,0,16.3,126,41563.3623,101.891,140,13,0
203.02,0,18.3,126,41563.3623,101.891,142,13,0
203.02,0,19.2,126,41563.3623,101.891,143,13,0
203.02,0,18.5,126,41563.3623,101.891,142,13,0
203.02,0,18.6,126,41510.3074,101.891,142,13,0
203.02,0,17.9,126,41563.3623,101.891,141,13,0
203.02,0,12.7,126,41563.3623,101.891,136,13,0
203.02,0,14.1,126,41563.3623,101.891,137,13,0
203.02,0,13.4,126,41563.3623,101.891,137,13,0
203.02,0,14,126,41563.3623,101.891,137,13,0
203.02,0,14.3,126,41563.3623,101.891,138,13,0
203.02,0,13,126,41563.3623,101.891,136,13,0
203.02,0,16.1,126,41563.3623,101.891,139,13,0
203.02,0,10.9,126,41563.3623,101.891,134,13,0
203.02,0,11.7,126,41563.3623,101.891,135,13,0
203.02,0,10.9,126,41563.3623,101.891,134,13,0
203.02,0,10.8,126,41563.3623,101.891,134,12,0
203.02,0,11.5,126,41563.3623,101.891,135,12,0
203.02,0,11.3,126,41563.3623,101.891,135,13,0
203.02,0,11.3,126,41563.3623,101.891,135,13,0
203.02,0,11.8,126,41563.3623,101.891,135,13,0
203.02,0,11.9,126,41563.3623,101.891,135,13,0
203.02,0,11.8,126,41510.3074,101.891,135,12,0
203.02,0,11.2,126,41563.3623,101.891,135,12,0
203.02,0,13.2,126,41510.3074,101.891,136,13,0
203.02,0,13.1,126,41563.3623,101.891,136,12,0
203.02,0,11.4,126,41563.3623,101.891,135,13,0
203.02,0,11.4,126,41563.3623,101.891,135,13,0
203.02,0,11.2,126,41563.3623,101.891,135,12,0
203.02,0,12.4,126,41563.3623,101.891,136,12,0
203.02,0,11.3,126,41563.3623,101.891,135,12,0
203.02,0,11.2,126,41563.3623,101.891,135,13,0
203.02,0,11,126,41563.3623,101.891,134,12,0
203.02,0,11,126,41563.3623,101.891,134,12,0
203.02,0,11.4,126,41563.3623,101.891,135,12,0
203.02,0,11.3,126,41563.3623,101.891,135,13,0
203.02,0,11.1,126,41563.3623,101.891,134,12,0
203.02,0,11.1,126,41563.3623,101.891,134,12,0
203.02,0,11.6,126,41563.3623,101.891,135,12,0
203.02,0,11.5,126,41563.3623,101.891,135,12,0
203.02,0,11.6,126,41563.3623,101.891,135,12,0
203.02,0,11.9,126,41563.3623,101.891,135,12,0
203.02,0,12.1,126,41563.3623,101.891,135,12,0
203.02,0,11.5,126,41510.3074,101.891,135,12,0
203.02,0,11.6,126,41510.3074,101.891,135,12,0
203.02,0,11.7,126,41510.3074,101.891,135,12,0
203.02,0,11.5,126,41510.3074,101.891,135,12,0
203.02,0,11.3,126,41510.3074,101.891,135,12,0
203.02,0,11.5,126,41510.3074,101.891,135,12,0
203.02,0,12.2,126,41510.3074,101.891,136,12,0
203.02,0,19.2,126,41510.3074,101.891,143,12,0
203.02,0,19.4,126,41510.3074,101.891,143,12,0
203.02,0,13,126,41563.3623,101.891,136,12,0
203.02,0,12.2,126,41510.3074,101.891,136,12,0
203.02,0,11.8,126,41510.3074,101.891,135,12,0
203.02,0,11.8,126,41510.3074,101.891,135,12,0
203.02,0,11.3,126,41404.4224,101.891,135,12,0
203.02,0,14.4,126,41404.4224,101.891,138,12,0
203.02,0,14,126,41457.2525,101.891,137,12,0
203.02,0,12.9,126,41457.2525,101.891,136,12,0
203.02,0,13.3,126,41404.4224,101.891,137,12,0
203.02,0,11.7,126,41510.3074,101.891,135,12,0
203.02,0,12.9,126,41457.2525,101.891,136,12,0
203.02,0,12.2,126,41457.2525,101.891,136,12,0
203.02,0,11.8,126,41510.3074,101.891,135,12,0
203.02,0,10.9,126,41457.2525,101.891,134,12,0
203.02,0,11.3,126,41510.3074,101.891,135,12,0
203.02,0,15.2,126,41510.3074,101.891,139,12,0
203.02,0,12,126,41510.3074,101.891,135,12,0
203.02,0,11.2,126,41457.2525,101.891,135,12,0
203.02,0,11.1,126,41510.3074,101.891,134,12,0
203.02,0,11.1,126,41457.2525,101.891,134,12,0
203.02,0,11,126,41510.3074,101.891,134,12,0
203.02,0,11.2,126,41510.3074,101.891,134,12,0
203.02,0,11.4,126,41510.3074,101.891,135,12,0
203.02,0,11.2,126,41457.2525,101.891,135,12,0
203.02,0,11.2,126,41510.3074,101.891,135,12,0
203.02,0,11,126,41457.2525,101.891,134,12,0
203.02,0,10.9,126,41510.3074,101.891,134,12,0
203.02,0,10.9,126,41510.3074,101.891,134,12,0
203.02,0,10.7,126,41510.3074,101.891,134,12,0
203.02,0,11,126,41510.3074,101.891,134,12,0
203.02,0,10.4,126,41510.3074,101.891,134,12,0
203.02,0,10.6,126,41457.2525,101.891,134,12,0
203.02,0,10.9,126,41510.3074,101.891,134,12,0
203.02,0,10.8,126,41510.3074,101.891,134,12,0
203.02,0,10.9,126,41510.3074,101.891,134,12,0
203.02,0,11,126,41510.3074,101.891,134,12,0
203.02,0,10.6,126,41563.3623,101.891,134,12,0
203.02,0,11.3,126,41510.3074,101.891,135,12,0
203.02,0,11.5,126,41457.2525,101.891,135,12,0
203.02,0,10.8,126,41510.3074,101.891,134,12,0
203.02,0,10.5,126,41510.3074,101.891,134,12,0
203.02,0,10.2,126,41457.2525,101.891,134,12,0
203.02,0,10.3,126,41510.3074,101.891,134,12,0
203.02,0,11.2,126,41510.3074,101.891,135,12,0
203.02,0,10.6,126,41404.4224,101.891,134,12,0
203.02,0,11.4,126,41404.4224,101.891,135,12,0
203.02,0,10.7,126,41351.3675,101.891,134,12,0
203.02,0,11.4,126,41351.3675,101.891,135,13,0
203.02,0,10.7,126,41192.2027,101.891,134,13,0
203.02,0,10.6,126,41192.2027,101.891,134,12,0
203.02,0,10.8,126,41298.3125,101.891,134,12,0
203.02,0,10.5,126,41404.4224,101.891,134,12,0
203.02,0,10.8,126,41457.2525,101.891,134,12,0
203.02,0,11.7,126,41510.3074,101.891,135,12,0
203.02,0,10.3,126,41457.2525,101.891,134,12,0
203.02,0,10.3,126,41457.2525,101.891,134,12,0
203.02,0,10,126,41351.3675,101.891,133,12,0
203.02,0,10.2,126,41404.4224,101.891,134,12,0
203.02,0,10.4,126,41404.4224,101.891,134,12,0
203.02,0,10.2,126,41457.2525,101.891,133,12,0
203.02,0,9.9,126,41457.2525,101.891,133,12,0
203.02,0,10,126,41404.4224,101.891,133,12,0
203.02,0,10.1,126,41351.3675,101.891,133,12,0
203.02,0,9.7,126,41404.4224,101.891,133,12,0
203.02,0,11.1,126,41510.3074,101.891,134,12,0
203.02,0,10,126,41510.3074,101.891,133,12,0
203.02,0,10.2,126,41510.3074,101.891,133,12,0
203.02,0,10.1,126,41510.3074,101.891,133,12,0
203.02,0,9.9,126,41510.3074,101.891,133,12,0
203.02,0,9.7,126,41510.3074,101.891,133,12,0
203.02,0,9.8,126,41510.3074,101.891,133,12,0
203.02,0,9.9,126,41510.3074,101.891,133,12,0
203.02,0,9.9,126,41510.3074,101.891,133,12,0
203.02,0,10.3,126,41510.3074,101.891,134,12,0
203.02,0,10.1,126,41510.3074,101.891,133,12,0
203.02,0,9.9,126,41510.3074,101.891,133,12,0
203.02,0,10.9,126,41510.3074,101.891,134,12,0
203.02,0,10.4,126,41510.3074,101.891,134,12,0
203.02,0,10.8,126,41510.3074,101.891,134,12,0
203.02,0,10.3,126,41563.3623,101.891,134,12,0
203.02,0,0,53,41616.4173,101.891,23,12,0
203.02,0,0,53,41510.3074,99.77,0,12,0
203.02,0,8.1,163,0,101.891,131,0,0
203.02,0,60.8,157,0,101.891,184,0,0
203.02,0,55.2,138,41192.2027,101.891,178,2,0
203.02,0,36.3,135,41192.2027,101.891,160,18,0
203.02,0,32.3,135,41192.2027,101.891,156,18,0
203.02,0,31.7,135,41192.2027,101.891,155,18,0
203.02,0,29.7,135,41139.3726,101.891,153,18,0
203.02,0,29.8,135,41192.2027,101.891,153,18,0
203.02,0,30.1,135,41192.2027,101.891,153,19,0
203.02,0,30.1,135,41192.2027,101.891,153,18,0
203.02,0,28,135,41192.2027,101.891,151,18,0
203.02,0,28,132,41192.2027,101.891,151,18,0
203.02,0,26.7,132,41192.2027,101.891,150,19,0
203.02,0,25.5,132,41192.2027,101.891,149,18,0
203.02,0,25.2,132,41192.2027,101.891,148,18,0
203.02,0,29.1,132,41192.2027,101.891,152,19,0
203.02,0,28.9,132,41192.2027,101.891,152,19,0
203.02,0,28.7,132,41192.2027,101.891,152,19,0
203.02,0,28.8,132,41192.2027,101.891,152,19,0
203.02,0,28.8,132,41192.2027,101.891,152,18,0
203.02,0,29.5,132,41192.2027,101.891,153,18,0
203.02,0,30.4,132,41192.2027,101.891,154,18,0
203.02,0,19.6,132,41192.2027,101.891,143,18,0
203.02,0,18.8,129,41192.2027,101.891,142,18,0
203.02,0,18.7,129,41192.2027,101.891,142,18,0
203.02,0,17.8,129,41192.2027,101.891,141,18,0
203.02,0,15.8,129,41192.2027,101.891,139,18,0
203.02,0,16.5,129,41192.2027,101.891,140,18,0
203.02,0,15.8,129,41192.2027,101.891,139,18,0
203.02,0,16.3,129,41192.2027,101.891,140,18,0
203.02,0,18,129,41192.2027,101.891,141,18,0
203.02,0,19.5,129,41192.2027,101.891,143,18,0
203.02,0,15,129,41192.2027,101.891,138,18,0
203.02,0,14.7,129,41192.2027,101.891,138,18,0
203.02,0,15.1,126,41192.2027,101.891,138,18,0
203.02,0,12.5,126,41192.2027,101.891,136,18,0
203.02,0,12.3,126,41192.2027,101.891,136,18,0
203.02,0,12.4,126,41192.2027,101.891,136,18,0
203.02,0,11.8,126,41192.2027,101.891,135,18,0
203.02,0,11.7,126,41192.2027,101.891,135,18,0
203.02,0,11.1,126,41192.2027,101.891,134,18,0
203.02,0,12.7,126,41192.2027,101.891,136,18,0
203.02,0,11.6,126,41192.2027,101.891,135,18,0
203.02,0,11,126,41192.2027,101.891,134,18,0
203.02,0,12.5,126,41192.2027,101.891,136,18,0
203.02,0,13,126,41192.2027,101.891,136,18,0
203.02,0,10.5,126,41192.2027,101.891,134,18,0
203.02,0,12.3,126,41192.2027,101.891,136,18,0
203.02,0,12.5,126,41192.2027,101.891,136,18,0
203.02,0,10.7,126,41192.2027,101.891,134,18,0
203.02,0,11.6,126,41192.2027,101.891,135,18,0
203.02,0,10.6,126,41192.2027,101.891,134,18,0
203.02,0,10.1,126,41192.2027,101.891,133,18,0
203.02,0,9.6,126,41192.2027,101.891,133,18,0
203.02,0,10.2,126,41192.2027,101.891,134,18,0
203.02,0,10.1,126,41192.2027,101.891,133,18,0
203.02,0,9.9,126,41192.2027,101.891,133,18,0
203.02,0,10.1,126,41192.2027,101.891,133,18,0
203.02,0,10.6,126,41192.2027,101.891,134,18,0
203.02,0,9.4,126,41192.2027,101.891,133,18,0
203.02,0,10.2,126,41192.2027,101.891,134,18,0
203.02,0,9.7,126,41192.2027,101.891,133,18,0
203.02,0,9.7,126,41192.2027,101.891,133,18,0
203.02,0,9.6,126,41192.2027,101.891,133,18,0
203.02,0,9.3,126,41192.2027,101.891,133,18,0
203.02,0,8.9,126,41192.2027,101.891,132,18,0
203.02,0,9.5,126,41192.2027,101.891,133,18,0
203.02,0,9.2,126,41192.2027,101.891,133,18,0
203.02,0,9,126,41192.2027,101.891,132,18,0
203.02,0,9.3,126,41192.2027,101.891,133,18,0
203.02,0,9.7,126,41192.2027,101.891,133,18,0
203.02,0,9.5,126,41192.2027,101.891,133,18,0
203.02,0,9.5,126,41192.2027,101.891,133,18,0
203.02,0,9.3,126,41192.2027,101.891,133,18,0
203.02,0,9.2,126,41192.2027,101.891,133,18,0
203.02,0,10.5,126,41192.2027,101.891,134,18,0
203.02,0,9.1,126,41192.2027,101.891,132,18,0
203.02,0,8.9,126,41192.2027,101.891,132,18,0
203.02,0,9.1,126,41192.2027,101.891,132,18,0
203.02,0,8.9,126,41192.2027,101.891,132,18,0
203.02,0,8.7,126,41192.2027,101.891,132,18,0
203.02,0,9.9,126,41192.2027,101.891,133,18,0
203.02,0,9.3,126,41192.2027,101.891,133,18,0
203.02,0,14.3,126,41192.2027,101.891,138,18,0
203.02,0,14.1,126,41192.2027,101.891,137,18,0
203.02,0,12.9,126,41192.2027,101.891,136,18,0
203.02,0,9.9,126,41192.2027,101.891,133,18,0
203.02,0,9.5,126,41192.2027,101.891,133,18,0
203.02,0,12.3,126,41192.2027,101.891,136,18,0
203.02,0,13.1,126,41192.2027,101.891,136,18,0
203.02,0,12.5,126,41192.2027,101.891,136,18,0
203.02,0,10.5,126,41192.2027,101.891,134,18,0
203.02,0,9.3,126,41245.2576,101.891,133,18,0
203.02,0,9.2,126,41192.2027,101.891,133,18,0
203.02,0,9.4,126,41192.2027,101.891,133,18,0
203.02,0,8.8,126,41245.2576,101.891,132,18,0
203.02,0,8.6,126,41245.2576,101.891,132,18,0
203.02,0,8.9,126,41192.2027,101.891,132,18,0
203.02,0,8.9,126,41192.2027,101.891,132,18,0
203.02,0,318.7,273,41245.2576,101.891,442,22,0
203.02,0,576,346,41245.2576,101.891,699,49,0
203.02,0,681,352,41245.2576,101.891,804,49,0
203.02,0,688.2,352,41245.2576,101.891,812,49,0
203.02,0,689.1,352,41192.2027,101.891,813,49,0
203.02,0,2.3,355,41192.2027,101.891,814,49,0
203.02,0,2.2,352,41192.2027,101.891,814,49,0
203.02,0,2.7,355,41245.2576,101.891,814,49,0
203.02,0,2.7,355,41192.2027,101.891,814,49,0
203.02,0,1.1,355,41192.2027,101.891,813,49,0
203.02,0,1.3,352,41192.2027,101.891,813,49,0
203.02,0,1.6,352,41192.2027,101.891,813,49,0
203.02,0,2.1,352,41192.2027,101.891,814,49,0
203.02,0,2.6,349,41192.2027,101.891,814,49,0
203.02,0,3.4,355,41192.2027,101.891,815,49,0
203.02,0,3.2,355,41192.2027,101.891,815,49,0
203.02,0,4.4,349,41192.2027,101.891,816,49,0
203.02,0,6.3,349,41192.2027,101.891,818,49,0
203.02,0,6.3,349,41192.2027,101.891,818,49,0
203.02,0,7.1,355,41245.2576,101.891,819,49,0
203.02,0,6.6,355,41192.2027,101.891,818,49,0
203.02,0,7.2,352,41192.2027,101.891,819,49,0
203.02,0,6.1,349,41192.2027,101.891,818,49,0
203.02,0,60.4,352,41192.2027,101.891,872,49,0
203.02,0,246.5,349,41192.2027,101.891,1058,49,0
203.02,0,286.7,355,41192.2027,101.891,1098,49,0
203.02,0,236.3,352,41192.2027,101.891,1048,49,0
203.02,0,263,352,41192.2027,101.891,1075,49,0
203.02,0,217.1,355,41245.2576,101.891,1029,49,0
203.02,0,153.8,355,41245.2576,101.891,965,49,0
203.02,0,155,352,41192.2027,101.891,967,49,0
203.02,0,152.5,352,41192.2027,101.891,964,49,0
203.02,0,125.8,355,41192.2027,101.891,937,49,0
203.02,0,119,352,41192.2027,101.891,931,49,0
203.02,0,122.7,352,41192.2027,101.891,934,49,0
203.02,0,130.4,352,41192.2027,101.891,942,49,0
203.02,0,132.3,352,41192.2027,101.891,944,49,0
203.02,0,195.9,352,41245.2576,101.891,1007,49,0
203.02,0,243.2,352,41192.2027,101.891,1055,49,0
203.02,0,253.8,355,41192.2027,101.891,1065,49,0
203.02,0,252.9,355,41245.2576,101.891,1064,49,0
203.02,0,252.8,355,41245.2576,101.891,1064,49,0
203.02,0,235.8,352,41245.2576,101.891,1047,49,0
203.02,0,229.7,352,41192.2027,101.891,1041,49,0
203.02,0,246.8,352,41192.2027,101.891,1058,49,0
203.02,0,259.4,352,41192.2027,101.891,1071,49,0
203.02,0,255.8,355,41192.2027,101.891,1067,49,0
203.02,0,257.3,355,41192.2027,101.891,1069,49,0
203.02,0,281.8,349,41192.2027,101.891,1093,49,0
203.02,0,277.5,355,41192.2027,101.891,1089,49,0
203.02,0,272.6,355,41192.2027,101.891,1084,49,0
203.02,0,332.9,352,41245.2576,101.891,1144,49,0
203.02,0,300.6,352,41245.2576,101.891,1112,49,0
203.02,0,274.5,349,41245.2576,101.891,1086,49,0
203.02,0,213.5,352,41192.2027,101.891,1025,49,0
203.02,0,42.7,352,41245.2576,101.891,854,49,0
203.02,0,35.1,355,41192.2027,101.891,847,49,0
203.02,0,34.9,352,41245.2576,101.891,846,49,0
203.02,0,33,349,41192.2027,101.891,845,49,0
203.02,0,36.9,355,41245.2576,101.891,848,49,0
203.02,0,47.4,355,41245.2576,101.891,859,49,0
203.02,0,58.7,352,41245.2576,101.891,870,49,0
203.02,0,67,352,41245.2576,101.891,879,49,0
203.02,0,73.6,355,41245.2576,101.891,885,49,0
203.02,0,69.9,355,41192.2027,101.891,881,49,0
203.02,0,82.8,355,41245.2576,101.891,894,49,0
203.02,0,128.5,352,41245.2576,101.891,940,49,0
203.02,0,127.4,352,41245.2576,101.891,939,49,0
203.02,0,111.9,355,41245.2576,101.891,923,49,0
203.02,0,115.8,352,41192.2027,101.891,927,49,0
203.02,0,118.8,355,41192.2027,101.891,930,49,0
203.02,0,117.7,355,41192.2027,101.891,929,49,0
203.02,0,121.5,352,41192.2027,101.891,933,49,0
203.02,0,169.3,352,41192.2027,101.891,981,49,0
203.02,0,170.5,355,41192.2027,101.891,982,49,0
203.02,0,170.4,352,41192.2027,101.891,982,49,0
203.02,0,204.2,355,41192.2027,101.891,1016,49,0
203.02,0,228.3,352,41192.2027,101.891,1040,49,0
203.02,0,228.7,352,41245.2576,101.891,1040,49,0
203.02,0,221.2,349,41192.2027,101.891,1033,49,0
203.02,0,252.8,349,41192.2027,101.891,1064,49,0
203.02,0,260.5,352,41192.2027,101.891,1072,49,0
203.02,0,288.5,352,41245.2576,101.891,1100,49,0
203.02,0,382.3,352,41192.2027,101.891,1194,49,0
203.02,0,400.4,355,41192.2027,101.891,1212,49,0
203.02,0,407,352,41245.2576,101.891,1219,49,0
203.02,0,530.6,352,41192.2027,101.891,1342,49,0
203.02,0,548.7,352,41245.2576,101.891,1360,49,0
203.02,0,393.2,352,41192.2027,101.891,1205,49,0
203.02,0,311.4,355,41192.2027,101.891,1123,49,0
203.02,0,287,355,41192.2027,101.891,1099,49,0
203.02,0,231.9,352,41192.2027,101.891,1043,49,0
203.02,0,230.3,352,41192.2027,101.891,1042,49,0
203.02,0,232,352,41192.2027,101.891,1044,49,0
203.02,0,177,352,41192.2027,101.891,989,49,0
203.02,0,169.3,355,41192.2027,101.891,981,49,0
203.02,0,208.2,355,41192.2027,101.891,1020,49,0
203.02,0,233.4,352,41192.2027,101.891,1045,49,0
203.02,0,234.1,355,41192.2027,101.891,1046,49,0
203.02,0,229.4,355,41192.2027,101.891,1041,49,0
203.02,0,199.8,355,41139.3726,101.891,1011,49,0
203.02,0,117.9,355,41192.2027,101.891,929,49,0
203.02,0,127.6,355,41139.3726,101.891,939,49,0
203.02,0,128.8,355,41139.3726,101.891,940,49,0
203.02,0,149.4,349,41086.3176,101.891,961,49,0
203.02,0,155.1,352,41086.3176,101.891,967,49,0
203.02,0,154.8,352,41139.3726,101.891,966,49,0
203.02,0,235.4,352,41086.3176,101.891,1047,49,0
203.02,0,238.3,352,41086.3176,101.891,1050,49,0
203.02,0,222.6,352,41086.3176,101.891,1034,49,0
203.02,0,209.6,349,41086.3176,101.891,1021,49,0
203.02,0,198,352,41033.2627,101.891,1010,49,0
203.02,0,210.9,355,41086.3176,101.891,1022,49,0
203.02,0,198.7,352,41086.3176,101.891,1010,49,0
203.02,0,199.2,355,41139.3726,101.891,1011,49,0
203.02,0,198.1,355,40927.1529,101.891,1010,49,0
203.02,0,190.9,355,41033.2627,101.891,1002,49,0
203.02,0,180.8,355,41033.2627,101.891,992,49,0
203.02,0,170.1,352,41033.2627,101.891,982,49,0
203.02,0,164.3,358,41033.2627,101.891,976,49,0
203.02,0,154.1,355,41033.2627,101.891,966,49,0
203.02,0,156.7,352,41033.2627,101.891,968,49,0
203.02,0,164.3,355,40927.1529,101.891,976,49,0
203.02,0,163.9,352,41139.3726,101.891,975,49,0
203.02,0,216.3,349,41033.2627,101.891,1028,49,0
203.02,0,249.3,349,41086.3176,101.891,1061,49,0
203.02,0,263.6,352,40980.2078,101.891,1075,49,0
203.02,0,264.1,355,40927.1529,101.891,1076,49,0
203.02,0,342.2,352,41033.2627,101.891,1154,49,0
203.02,0,472,349,41086.3176,101.891,1284,49,0
203.02,0,545.7,352,41033.2627,101.891,1357,49,0
203.02,0,542.7,352,41192.2027,101.891,1354,49,0
203.02,0,255.3,355,41033.2627,101.891,1067,49,0
203.02,0,411.6,352,40927.1529,101.891,1223,49,0
203.02,0,399.5,355,40980.2078,101.891,1211,49,0
203.02,0,391.4,352,41033.2627,101.891,1203,49,0
203.02,0,392.4,352,40927.1529,101.891,1204,49,0
203.02,0,387.7,355,40927.1529,101.891,1199,49,0
203.02,0,383.6,352,40927.1529,101.891,1195,49,0
203.02,0,376.8,355,41033.2627,101.891,1188,49,0
203.02,0,379.1,352,40927.1529,101.891,1191,49,0
203.02,0,379.8,355,41033.2627,101.891,1191,50,0
203.02,0,361.8,355,41033.2627,101.891,1173,50,0
203.02,0,342.8,355,41033.2627,101.891,1154,51,0
203.02,0,374.2,349,41033.2627,101.891,1186,51,0
203.02,0,378,349,41139.3726,101.891,1190,52,0
203.02,0,370.3,352,41033.2627,101.891,1182,53,0
203.02,0,356.7,355,41086.3176,101.891,1168,53,0
203.02,0,365.2,352,41033.2627,101.891,1177,54,0
203.02,0,353.4,355,41086.3176,101.891,1165,54,0
203.02,0,357.9,355,40927.1529,101.891,1169,55,0
203.02,0,332.5,349,41086.3176,101.891,1144,55,0
203.02,0,290.7,352,40980.2078,101.891,1102,55,0
203.02,0,250.3,352,41086.3176,101.891,1062,56,0
203.02,0,265.1,355,41139.3726,101.891,1077,56,0
203.02,0,275.7,355,41033.2627,101.891,1087,56,0
203.02,0,281.7,355,41033.2627,101.891,1093,56,0
203.02,0,271.9,355,41086.3176,101.891,1084,56,0
203.02,0,230.7,352,41033.2627,101.891,1042,56,0
203.02,0,209.4,352,41033.2627,101.891,1021,56,0
203.02,0,190.1,355,41139.3726,101.891,1002,56,0
203.02,0,190.1,355,41139.3726,101.891,1002,56,0
203.02,0,168.3,352,41139.3726,101.891,980,56,0
203.02,0,168.6,355,41086.3176,101.891,980,56,0
203.02,0,167.4,355,41086.3176,101.891,979,56,0
203.02,0,172.9,352,41139.3726,101.891,984,56,0
203.02,0,189.3,355,41139.3726,101.891,1001,56,0
203.02,0,214,355,41086.3176,101.891,1026,56,0
203.02,0,222.8,355,41033.2627,101.891,1034,56,0
203.02,0,236.1,352,41033.2627,101.891,1048,56,0
203.02,0,235.5,355,41033.2627,101.891,1047,56,0
203.02,0,217,352,41033.2627,101.891,1029,56,0
203.02,0,222.8,355,41033.2627,101.891,1034,56,0
203.02,0,222.4,355,41086.3176,101.891,1034,56,0
203.02,0,188,355,41192.2027,101.891,1000,56,0
203.02,0,189.9,352,41139.3726,101.891,1001,56,0
203.02,0,178.6,352,41192.2027,101.891,990,56,0
203.02,0,163.3,352,41192.2027,101.891,975,56,0
203.02,0,176.6,355,41192.2027,101.891,988,56,0
203.02,0,178.5,352,41192.2027,101.891,990,56,0
203.02,0,175.8,352,41192.2027,101.891,987,56,0
203.02,0,165.4,355,41192.2027,101.891,977,56,0
203.02,0,161.7,355,41245.2576,101.891,973,56,0
203.02,0,175.8,355,41245.2576,101.891,987,56,0
203.02,0,179.5,352,41245.2576,101.891,991,56,0
203.02,0,175.5,352,41192.2027,101.891,987,56,0
203.02,0,172.2,355,41192.2027,101.891,984,56,0
203.02,0,175.9,352,41192.2027,101.891,987,56,0
203.02,0,202.7,355,41192.2027,101.891,1014,56,0
203.02,0,192.9,352,41192.2027,101.891,1004,56,0
203.02,0,163.8,355,41192.2027,101.891,975,56,0
203.02,0,111.1,308,41192.2027,101.891,923,56,0
203.02,0,0,308,41192.2027,101.891,791,56,0
203.02,0,0,308,41192.2027,101.891,794,56,0
203.02,0,0,308,41192.2027,101.891,807,56,0
203.02,0,0,308,41192.2027,101.891,808,56,0
203.02,0,12,308,41192.2027,101.891,824,56,0
203.02,0,1,308,41192.2027,101.891,813,56,0
203.02,0,0,308,41139.3726,101.891,808,56,0
203.02,0,0,308,41139.3726,101.891,799,56,0
203.02,0,9,308,41192.2027,101.891,821,56,0
203.02,0,14.8,308,41139.3726,101.891,826,56,0
203.02,0,9.2,308,41192.2027,101.891,821,56,0
203.02,0,9.8,308,41192.2027,101.891,821,56,0
203.02,0,28.8,308,41139.3726,101.891,840,56,0
203.02,0,30.9,308,41192.2027,101.891,842,56,0
203.02,0,14.1,308,41192.2027,101.891,826,56,0
203.02,0,8.4,308,41192.2027,101.891,820,56,0
203.02,0,19.6,308,41192.2027,101.891,831,56,0
203.02,0,37.8,308,41139.3726,101.891,849,56,0
203.02,0,66.5,308,41192.2027,101.891,878,56,0
203.02,0,151.7,308,41192.2027,101.891,963,56,0
203.02,0,259.8,308,41192.2027,101.891,1071,56,0
203.02,0,205.8,308,41192.2027,101.891,1017,56,0
203.02,0,73.9,308,41192.2027,101.891,885,56,0
203.02,0,0,138,41192.2027,101.891,597,56,0
203.02,0,0,126,41192.2027,101.891,203,56,0
203.02,0,0,126,41192.2027,101.891,224,56,0
203.02,0,0,126,41192.2027,101.891,189,56,0
203.02,0,0,79,41245.2576,101.891,21,56,0
203.02,0,0,148,41192.2027,101.891,222,56,0
203.02,0,0,129,41192.2027,101.891,232,56,0
203.02,0,0,126,41192.2027,101.891,190,56,0
203.02,0,0,242,41192.2027,101.891,285,56,0
203.02,0,0,289,41192.2027,101.891,609,56,0
203.02,0,0,292,41192.2027,101.891,655,56,0
203.02,0,0,289,41192.2027,101.891,656,56,0
203.02,0,0,292,41192.2027,101.891,658,56,0
203.02,0,0,289,41192.2027,101.891,658,56,0
203.02,0,0,289,41192.2027,101.891,658,56,0
203.02,0,0,289,41192.2027,101.891,658,56,0
203.02,0,0,292,41192.2027,101.891,660,56,0
203.02,0,0,292,41192.2027,101.891,660,56,0
203.02,0,0,289,41192.2027,101.891,659,56,0
203.02,0,0,318,41192.2027,101.891,749,56,0
203.02,0,0,318,41192.2027,101.891,773,56,0
203.02,0,33.5,318,41192.2027,101.891,845,56,0
203.02,0,40.7,318,41192.2027,101.891,852,56,0
203.02,0,56.2,318,41192.2027,101.891,868,56,0
203.02,0,77.2,318,41245.2576,101.891,889,56,0
203.02,0,97.1,318,41245.2576,101.891,909,56,0
203.02,0,97.2,318,41245.2576,101.891,909,56,0
203.02,0,84.7,318,41245.2576,101.891,896,56,0
203.02,0,75.6,318,41245.2576,101.891,887,56,0
203.02,0,0,160,41192.2027,101.891,747,56,0
203.02,0,0,126,41245.2576,99.77,168,56,0
203.02,0,0,126,41563.3623,99.77,166,56,0
203.02,0,0,79,41563.3623,101.891,64,56,0
203.02,0,0,151,41192.2027,101.891,214,56,0
203.02,0,0,129,41192.2027,101.891,192,56,0
203.02,0,0,126,41351.3675,101.891,174,55,0
203.02,0,0,126,41351.3675,101.891,169,55,0
203.02,0,0,126,41351.3675,101.891,165,55,0
203.02,0,0,273,41192.2027,101.891,435,55,0
203.02,0,0,302,41192.2027,101.891,675,56,0
203.02,0,0,308,41192.2027,101.891,784,56,0
203.02,0,56.6,311,41245.2576,101.891,868,56,0
203.02,0,57.7,311,41245.2576,101.891,869,56,0
203.02,0,60.6,308,41245.2576,101.891,872,56,0
203.02,0,75.2,308,41245.2576,101.891,887,56,0
203.02,0,118.9,308,41192.2027,101.891,930,56,0
203.02,0,124,308,41192.2027,101.891,936,56,0
203.02,0,124.6,311,41192.2027,101.891,936,56,0
203.02,0,125.7,311,41192.2027,101.891,937,56,0
203.02,0,0,308,41192.2027,101.891,928,56,0
203.02,0,0,311,41245.2576,101.891,926,56,0
203.02,0,0,308,41192.2027,101.891,917,56,0
203.02,0,0,308,41245.2576,101.891,916,56,0
203.02,0,0,311,41245.2576,101.891,929,56,0
203.02,0,9,308,41192.2027,101.891,946,56,0
203.02,0,78.7,308,41192.2027,101.891,1016,56,0
203.02,0,93.9,308,41192.2027,101.891,1031,56,0
203.02,0,89.3,308,41192.2027,101.891,1027,56,0
203.02,0,83.5,308,41192.2027,101.891,1021,56,0
203.02,0,70.1,311,41192.2027,101.891,1007,56,0
203.02,0,0,308,41245.2576,101.891,918,56,0
203.02,0,13,308,41245.2576,101.891,950,56,0
203.02,0,0,311,41245.2576,104.012,918,56,0
203.02,0,0,308,41192.2027,101.891,922,56,0
203.02,0,0,308,41192.2027,104.012,920,56,0
203.02,0,1,308,41192.2027,101.891,938,56,0
203.02,0,18.8,311,41192.2027,101.891,956,56,0
203.02,0,22.6,311,41192.2027,101.891,960,56,0
203.02,0,7.3,311,41192.2027,104.012,945,56,0
203.02,0,465.2,318,41192.2027,104.012,1402,65,0
203.02,0,276.4,311,41192.2027,101.891,1214,74,0
203.02,0,0,311,41192.2027,101.891,772,74,0
203.02,0,210.5,308,41192.2027,104.012,1148,74,0
203.02,0,218,308,41245.2576,104.012,1155,82,0
203.02,0,277.4,308,41192.2027,104.012,1215,83,0
203.02,0,295.2,308,41245.2576,101.891,1232,83,0
203.02,0,253.6,308,41192.2027,101.891,1191,83,0
203.02,0,250.8,308,41192.2027,104.012,1188,89,0
203.02,0,246.2,308,41192.2027,104.012,1183,92,0
203.02,0,271.8,308,41192.2027,104.012,1209,92,0
203.02,0,299.7,311,41192.2027,104.012,1237,92,0
203.02,0,319.1,314,41192.2027,104.012,1256,92,0
